policy,avg_reward,std_reward,avg_episode_length
random,-985.4335181399936,134.09538250101076,24.0
greedy,-955.2345191943485,154.22558544949584,24.0
