model,MAPE,RMSE
SARIMA,0.28294216123760446,18.31684513080518
Prophet,0.3740783984685678,29.398968814368597
