model,MAPE,RMSE
Prophet,0.3740783984685678,29.398968814368594
