{
  "model": "SARIMA",
  "order": [
    1,
    1,
    1
  ],
  "seasonal_order": [
    1,
    1,
    1,
    24
  ],
  "MAPE": 0.28294216123760446,
  "RMSE": 18.31684513080518,
  "n_train": 1152,
  "n_test": 288
}